{"path":{"0":"d:\\Assignments\\Algo\\impl\\lora_graph_gw\\S1\\files\\sensors_transmissionrange_Range300.json","1":"d:\\Assignments\\Algo\\impl\\lora_graph_gw\\S1\\files\\sensors_transmissionrange_Range350.json","2":"d:\\Assignments\\Algo\\impl\\lora_graph_gw\\S1\\files\\sensors_transmissionrange_Range400.json"},"payload_1B":{"0":0.00446,"1":0.00447,"2":0.00474},"payload_1B_list":{"0":[0.004,0.006,0.002,0.004,0.003,0.004,0.003,0.002,0.003,0.005,0.007,0.006,0.004,0.004,0.006,0.003,0.004,0.001,0.004,0.004,0.005,0.005,0.006,0.006,0.01,0.005,0.002,0.004,0.003,0.004,0.003,0.008,0.002,0.007,0.005,0.001,0.006,0.004,0.008,0.007,0.005,0.003,0.001,0.003,0.005,0.007,0.002,0.003,0.002,0.006,0.001,0.004,0.001,0.005,0.003,0.008,0.001,0.007,0.003,0.002,0.003,0.004,0.003,0.002,0.002,0.003,0.004,0.008,0.009,0.007,0.004,0.007,0.007,0.005,0.003,0.004,0.002,0.007,0.002,0.003,0.005,0.008,0.008,0.005,0.008,0.004,0.008,0.006,0.004,0.002,0.009,0.004,0.007,0.0,0.005,0.0,0.006,0.004,0.005,0.007],"1":[0.004,0.007,0.002,0.006,0.007,0.008,0.004,0.007,0.006,0.005,0.005,0.005,0.006,0.004,0.003,0.003,0.005,0.004,0.004,0.004,0.005,0.004,0.0,0.002,0.007,0.002,0.006,0.003,0.006,0.003,0.003,0.003,0.002,0.004,0.005,0.004,0.007,0.004,0.003,0.008,0.005,0.006,0.007,0.005,0.004,0.002,0.005,0.005,0.003,0.003,0.003,0.006,0.002,0.007,0.006,0.008,0.005,0.002,0.005,0.005,0.006,0.005,0.005,0.006,0.003,0.008,0.007,0.003,0.006,0.004,0.006,0.006,0.006,0.003,0.01,0.003,0.002,0.004,0.005,0.005,0.005,0.004,0.003,0.004,0.004,0.003,0.004,0.003,0.003,0.004,0.003,0.002,0.0,0.005,0.002,0.007,0.003,0.004,0.001,0.006],"2":[0.002,0.008,0.002,0.002,0.001,0.007,0.005,0.007,0.001,0.004,0.005,0.005,0.003,0.006,0.007,0.002,0.003,0.001,0.009,0.005,0.002,0.001,0.007,0.006,0.009,0.001,0.006,0.004,0.004,0.008,0.007,0.006,0.008,0.002,0.005,0.007,0.004,0.004,0.01,0.002,0.004,0.005,0.001,0.008,0.006,0.009,0.003,0.003,0.003,0.002,0.004,0.007,0.002,0.002,0.006,0.005,0.007,0.001,0.004,0.004,0.005,0.006,0.003,0.005,0.004,0.004,0.003,0.008,0.007,0.006,0.004,0.004,0.002,0.003,0.008,0.009,0.004,0.001,0.007,0.008,0.006,0.003,0.004,0.007,0.008,0.002,0.005,0.002,0.005,0.003,0.007,0.008,0.004,0.002,0.004,0.008,0.007,0.007,0.002,0.005]}}