,id,x,y,height,environment
0,38,9.941614699984425,49.78911449932898,5.0,urban
1,121,9.973948550049506,49.80210209913985,5.0,urban
2,472,9.953394799984133,49.74959629929886,5.0,urban
3,322,9.893167407131074,49.80357950208173,5.0,urban
4,1,9.9402933999844,49.82200599932769,5.0,urban
5,636,9.93184019393538,49.767057498446746,5.0,urban
6,712,9.96335259839382,49.719129576071374,5.0,urban
