,id,x,y,height,environment
0,485,9.937683157577036,49.78693131091471,5.0,urban
1,121,9.973948550049506,49.80210209913985,5.0,urban
2,472,9.953394799984133,49.74959629929886,5.0,urban
3,453,9.904287051919018,49.79968972536767,5.0,urban
4,1,9.9402933999844,49.82200599932769,5.0,urban
5,698,9.965716568338046,49.7291948288935,5.0,urban
6,60,9.968944899984269,49.779311399341935,5.0,urban
7,408,10.005891299987297,49.80842709938636,5.0,urban
