,id,x,y,height,environment
0,39,9.940874699984427,49.788134599328686,5.0,urban
1,96,9.984549919008387,49.81034780744411,5.0,urban
2,472,9.953394799984133,49.74959629929886,5.0,urban
3,68,9.909308599984676,49.80190759931587,5.0,urban
4,1,9.9402933999844,49.82200599932769,5.0,urban
5,712,9.96335259839382,49.719129576071374,5.0,urban
