,id,x,y,height,environment
0,41,9.939704799984455,49.78597309932823,5.0,urban
1,120,9.973524815362145,49.802033230330494,5.0,urban
2,472,9.953394799984133,49.74959629929886,5.0,urban
3,68,9.909308599984676,49.80190759931587,5.0,urban
4,1,9.9402933999844,49.82200599932769,5.0,urban
5,712,9.96335259839382,49.719129576071374,5.0,urban
