,id,x,y,height,environment
0,31,9.93582719998448,49.79284989932644,5.0,urban
1,782,9.972547453717153,49.799300353515676,5.0,urban
2,30,9.961473399984332,49.76189639933865,5.0,urban
3,98,9.960518438044161,49.823263755344556,5.0,urban
4,322,9.893167407131074,49.80357950208173,5.0,urban
5,257,9.957118583651091,49.73157913677876,5.0,urban
6,408,10.005891299987297,49.80842709938636,5.0,urban
7,172,9.921201491041495,49.82646577583081,5.0,urban
8,643,9.930133982634109,49.76428670133049,5.0,urban
