,id,x,y,height,environment
0,117,9.934783974082809,49.79375146409686,5.0,urban
1,159,9.980157483562833,49.80677820136076,5.0,urban
2,3,9.949010499984388,49.775813599332544,5.0,urban
3,476,9.961886874546606,49.74702686423998,5.0,urban
4,322,9.893167407131074,49.80357950208173,5.0,urban
5,98,9.960518438044161,49.823263755344556,5.0,urban
6,442,9.992691358126201,49.79004812001504,5.0,urban
7,712,9.96335259839382,49.719129576071374,5.0,urban
8,172,9.921201491041495,49.82646577583081,5.0,urban
