,id,x,y,height,environment
0,"[568274.3645678252, 5516318.927759846]",9.948648289093454,49.79544038665718,5.0,urban
1,"[568560.7722127638, 5513178.873469117]",9.952073680325654,49.767168763129256,5.0,urban
2,"[570626.9690600387, 5518215.195608496]",9.981676721100321,49.81222142220854,5.0,urban
3,"[565106.7312276874, 5516183.422721264]",9.904618370994973,49.79457366200773,5.0,urban
4,"[569580.676512302, 5509120.651558249]",9.965509786144588,49.73055526883574,5.0,urban
5,"[568763.7400754524, 5520795.612681243]",9.956240045832159,49.83564375208443,5.0,urban
